{
    "train_losses": [
        0.2833539905771613,
        0.23211143269389867,
        0.21572517385706305,
        0.20346107545122505,
        0.1965662647113204,
        0.194843083422631,
        0.1953451465293765,
        0.18461397495865822,
        0.18815351184643805,
        0.18939224504679442,
        0.18259095057472588,
        0.18201470160856842,
        0.18298338531702757,
        0.1825874688681215,
        0.17801157081685962,
        0.1751006498541683,
        0.17559839195944368,
        0.17580819500796496,
        0.17253374701738358,
        0.18023803527839483,
        0.17347270611859858,
        0.17313484289869666,
        0.17260178473964333,
        0.16924897800385952,
        0.16767381323128938,
        0.1726486660167575,
        0.17630892345681787,
        0.1762192949447781,
        0.17306015869230032,
        0.16652344684116543,
        0.1692383284326643,
        0.16194181125238538,
        0.16734409097768366,
        0.16993050627224146,
        0.17862320180982352,
        0.1786764447130263,
        0.17374339781142772,
        0.17152884756959974,
        0.1713790783714503,
        0.1748982339501381
    ],
    "val_losses": [
        0.22353126108646393,
        0.18315817415714264,
        0.21495214104652405,
        0.1301749050617218,
        0.2726767659187317,
        0.23117369413375854,
        0.18074773252010345,
        0.11725698411464691,
        0.18718914687633514
    ],
    "test_losses": [
        0.2453598827123642,
        0.16712206602096558,
        0.16214531660079956,
        0.10548745095729828,
        0.09190335124731064,
        0.21226119995117188,
        0.20002040266990662,
        0.06059269979596138,
        0.221029132604599
    ]
}